Model,RMSE,RMSE_std,MAE,MAE_std,R²,R²_std
Ridge Regression (Advanced),22672.089655903248,995.962307704762,14371.01795204675,652.5449329188601,0.9121540750064616,0.02066160994638435
Linear Regression (Advanced),26940.04795335487,1614.1019520884686,18072.755864636994,610.4218927254766,0.8774635419851029,0.026949531055248215
Random Forest (Advanced),27944.421756436554,5837.199125364385,17360.880719563538,935.9956479820663,0.8734471722262139,0.024370107074244494
