Model,RMSE,RMSE_std,MAE,MAE_std,R²,R²_std,Best_Alpha,Best_Solver,Best_Threshold
Ridge Basic (Tuned),21621.761931415276,3281.381986787729,13618.34526364223,890.2408813572016,0.9212437061548371,0.026123774269260155,0.868511373751352,sag,mean
Ridge Advanced (Tuned),22063.412609991334,2371.9839664987453,13589.162407919857,627.805164820557,0.9195057307936381,0.019741621463389234,10.204873216129108,auto,0.5*mean
