Model,RMSE,RMSE_std,MAE,MAE_std,R²,R²_std
Ridge Regression,22145.220664462813,1302.1770347713032,14283.854790604984,651.0847510694731,0.9157912991385617,0.021456722874136785
Random Forest,29739.451987226563,7142.283233811774,17736.32859409249,1196.9514018255786,0.8563123471820757,0.03733840141994072
Linear Regression,29947.859036008,2390.167391987341,20099.377545026102,1270.425488249785,0.8448400606378923,0.04503295290549765
